title,GENRE,genre/SUB,LANGUAGE,language/SUB,imdb_score,premiere,runtime,year
Notes for My Son,Drama,Drama_SPECIFIC,Spanish,Spanish,6.3,11/24/2020,83,2020
"To Each, Her Own",Romance,Romantic comedy,French_SPECIFIC,French,5.3,6/24/2018,95,2018
The Lovebirds,Romance,Romantic comedy,English,English_SPECIFIC,6.1,5/22/2020,87,2020
The Perfection,Horror,Horror-thriller,English,English_SPECIFIC,6.1,5/24/2019,90,2019
Happy Anniversary,Romance,Romantic comedy,English,English_SPECIFIC,5.8,3/30/2018,78,2018
Why Did You Kill Me?,Documentary,Documentary_SPECIFIC,English,English_SPECIFIC,5.6,4/14/2021,83,2021
Death to 2020,Comedy,Comedy_SPECIFIC,English,English_SPECIFIC,6.8,12/27/2020,70,2020
Brene Brown: The Call to Courage,Documentary,Documentary_SPECIFIC,English,English_SPECIFIC,7.7,4/19/2019,76,2019
Operation Christmas Drop,Romance,Romantic comedy,English,English_SPECIFIC,5.8,11-05-2020,96,2020
The Lonely Island Presents: The Unauthorized Bash Brothers Experience,Comedy,Comedy / Musical,English,English_SPECIFIC,6.9,5/23/2019,30,2019
Porta dos Fundos: The First Temptation of Christ,Comedy,Comedy_SPECIFIC,Portuguese,Portuguese,4.6,12-03-2019,46,2019
El Pepe: A Supreme Life,Documentary,Documentary_SPECIFIC,Spanish,Spanish,7.1,12/27/2019,73,2019
Sky Ladder: The Art of Cai Guo-Qiang,Documentary,Documentary_SPECIFIC,English,English/Mandarin,7.3,10/14/2016,79,2016
"Out of Many, One",Documentary,Documentary_SPECIFIC,English,English_SPECIFIC,5.7,12-12-2018,34,2018
If Anything Happens I Love You,Animation,Animation / Short,English,English_SPECIFIC,7.8,11/20/2020,12,2020
Polar,ACTION,Action_ONLY,English,English_SPECIFIC,6.3,1/25/2019,118,2019
Shimmer Lake,Crime ,Crime thriller,English,English_SPECIFIC,6.3,06-09-2017,86,2017
In the Tall Grass,Horror,Horror_SPECIFIC,English,English_SPECIFIC,5.4,10-04-2019,101,2019
Pieces of a Woman,Drama,Drama_SPECIFIC,English,English_SPECIFIC,7.1,01-07-2021,126,2021
The Knight Before Christmas,Romance,Romantic comedy,English,English_SPECIFIC,5.5,11/21/2019,92,2019
Unicorn Store,Comedy,Comedy_SPECIFIC,English,English_SPECIFIC,5.5,04-05-2019,92,2019
Our Souls at Night,Romance,Romance_SPECIFIC,English,English_SPECIFIC,6.9,9/29/2017,103,2017
Birders,Documentary,Documentary_SPECIFIC,English,English/Spanish,6.4,9/25/2019,37,2019
Christmas Crossfire,Thriller,Thriller_SPECIFIC,German,German,4.8,12-04-2020,106,2020
Shawn Mendes: In Wonder,Documentary,Documentary_SPECIFIC,German,English_SPECIFIC,6.6,11/23/2020,83,2020
"Game Over, Man!",ACTION,Action/Comedy,German,English_SPECIFIC,5.4,3/23/2018,101,2018
Icarus,Documentary,Documentary_SPECIFIC,German,English_SPECIFIC,7.9,08-04-2017,120,2017
Forgive Us Our Debts,Drama,Drama_SPECIFIC,Italian,Italian,6,05-04-2018,104,2018
Clinical,Thriller,Thriller_SPECIFIC,English,English_SPECIFIC,5.1,1/13/2017,104,2017
Crazy About Her,Romance,Romantic comedy,Spanish,Spanish,6.6,2/26/2021,102,2021
Night in Paradise,Drama,Drama_SPECIFIC,Korean,Korean,6.7,04-09-2021,132,2021
Parchis: The Documentary,Documentary,Documentary_SPECIFIC,Spanish,Spanish,6.7,07-10-2019,106,2019
The Siege of Jadotville,War,War_SPECIFIC,English,English_SPECIFIC,7.2,10-07-2016,108,2016
I Am All Girls,Thriller,Thriller_SPECIFIC,English,English_SPECIFIC,5.8,5/14/2021,107,2021
Fyre: The Greatest Party That Never Happened,Documentary,Documentary_SPECIFIC,English,English_SPECIFIC,7.2,1/18/2019,97,2019
In the Shadow of the Moon,Thriller,Thriller_SPECIFIC,English,English_SPECIFIC,6.2,9/27/2019,115,2019
Secret Obsession,Thriller,Thriller_SPECIFIC,English,English_SPECIFIC,4.4,7/18/2019,97,2019
Apostle,Horror,Horror-thriller,English,English_SPECIFIC,6.3,10-12-2018,129,2018
The Polka King,Comedy,Comedy-drama,English,English_SPECIFIC,5.9,01-12-2018,95,2018
American Factory,Documentary,Documentary_SPECIFIC,English,English_SPECIFIC,7.4,8/21/2019,110,2019
Sentinelle,ACTION,Action_ONLY,French_SPECIFIC,French,4.7,03-05-2021,80,2021
Paradox,Musical,Musical/Western/Fantasy,English,English_SPECIFIC,3.9,3/23/2018,73,2018
Coin Heist,Heist_,Heist_,English,English_SPECIFIC,4.8,01-06-2017,97,2017
A California Christmas,Romance,Romantic comedy,English,English_SPECIFIC,5.8,12/14/2020,107,2020
Tall Girl,Comedy,Comedy-drama,English,English_SPECIFIC,5.2,9/13/2019,102,2019
Uncorked,Drama,Drama_SPECIFIC,English,English_SPECIFIC,6.3,3/27/2020,103,2020
Outside the Wire,ACTION,Action/Science fiction,English,English_SPECIFIC,5.4,1/15/2021,114,2021
El Camino Christmas,comedy,Dark comedy,English,English_SPECIFIC,5.7,12-08-2017,89,2017
The Beast,Drama,Drama_SPECIFIC,Italian,Italian,5.2,11/27/2020,99,2020
The Trial of the Chicago 7,Drama,Drama_SPECIFIC,English,English_SPECIFIC,7.8,10/16/2020,130,2020
The American Meme,Documentary,Documentary_SPECIFIC,English,English_SPECIFIC,6.6,12-07-2018,98,2018
The White Tiger,Drama,Drama_SPECIFIC,English,English_SPECIFIC,7.1,1/22/2021,125,2021
Holiday Rush,Family,Family film,English,English_SPECIFIC,4.9,11/28/2019,94,2019
The Paramedic,Thriller,Thriller_SPECIFIC,Spanish,Spanish,5.6,9/16/2020,94,2020
Irreplaceable You,Drama,Drama_SPECIFIC,English,English_SPECIFIC,6.4,2/16/2018,96,2018
The Princess Switch,Romance,Romantic comedy,English,English_SPECIFIC,6,11/16/2018,101,2018
House Arrest,Comedy,Comedy_SPECIFIC,Hindi,Hindi,5.5,11/15/2019,104,2019
Yeh Ballet,Drama,Drama_SPECIFIC,Hindi,Hindi,7.6,2/21/2020,117,2020
The Other One: The Long Strange Trip of Bob Weir,Documentary,Documentary_SPECIFIC,English,English_SPECIFIC,7.3,5/22/2015,83,2015
Imperial Dreams,Drama,Drama_SPECIFIC,English,English_SPECIFIC,6.7,02-03-2017,87,2017
ReMastered: Who Killed Jam Master Jay?,Documentary,Documentary_SPECIFIC,English,English_SPECIFIC,6.6,12-07-2018,58,2018
Seeing Allred,Documentary,Documentary_SPECIFIC,English,English_SPECIFIC,6.9,02-09-2018,95,2018
Sand Castle,War,War_SPECIFIC,English,English_SPECIFIC,6.3,4/21/2017,113,2017
Caught by a Wave,Romance,Romantic teen drama,Italian,Italian,5.7,3/25/2021,99,2021
Ginny Weds Sunny,Romance,Romantic comedy,Hindi,Hindi,5.7,10-09-2020,125,2020
Dance Dreams: Hot Chocolate Nutcracker,Documentary,Documentary_SPECIFIC,English,English_SPECIFIC,7.1,11/27/2020,80,2020
What Would Sophia Loren Do?,Documentary,Documentary_SPECIFIC,English,English_SPECIFIC,6.6,1/15/2021,32,2021
The Main Event,Comedy,Comedy_SPECIFIC,English,English_SPECIFIC,4.8,04-10-2020,101,2020
I'm No Longer Here,Drama,Drama_SPECIFIC,Spanish,Spanish,7.3,5/27/2020,105,2020
Blackpink: Light Up the Sky,Documentary,Documentary_SPECIFIC,Korean,Korean,7.5,10/14/2020,79,2020
Chopsticks,Comedy,Comedy_SPECIFIC,Hindi,Hindi,6.5,5/31/2019,100,2019
Circus of Books,Documentary,Documentary_SPECIFIC,English,English_SPECIFIC,7.1,4/22/2020,92,2020
The Legend of Cocaine Island,Documentary,Documentary_SPECIFIC,English,English_SPECIFIC,6.3,3/29/2019,87,2019
Ma Rainey's Black Bottom,Drama,Drama_SPECIFIC,English,English_SPECIFIC,7,12/18/2020,94,2020
Elisa & Marcela,Romance,Romance_SPECIFIC,Spanish,Spanish,6.6,06-07-2019,118,2019
Seriously Single,Comedy,Comedy_SPECIFIC,English,English_SPECIFIC,4.5,7/31/2020,107,2020
The Call,Drama,Drama_SPECIFIC,Korean,Korean,4.1,11/27/2020,112,2020
Angela's Christmas,Animation,Animation_ONLY,English,English_SPECIFIC,7.1,11/30/2018,30,2018
Get the Goat,Comedy,Comedy_SPECIFIC,Portuguese,Portuguese,6.3,3/18/2021,97,2021
What Did Jack Do?,Drama,Drama / Short,English,English_SPECIFIC,6.5,1/20/2020,17,2020
When We First Met,Romance,Romantic comedy,English,English_SPECIFIC,6.4,02-09-2018,97,2018
Alex Strangelove,Romance,Romantic comedy,English,English_SPECIFIC,6.3,06-08-2018,99,2018
The Mars Generation,Documentary,Documentary_SPECIFIC,English,English_SPECIFIC,6.4,05-05-2017,97,2017
Bulbbul,Horror,Horror_SPECIFIC,Hindi,Hindi,6.6,6/24/2020,94,2020
The Great Hack,Documentary,Documentary_SPECIFIC,English,English_SPECIFIC,7.1,7/24/2019,114,2019
How It Ends,ACTION,Action-thriller,English,English_SPECIFIC,5,7/13/2018,113,2018
The Incredible Jessica James,Comedy,Comedy_SPECIFIC,English,English_SPECIFIC,6.5,7/28/2017,83,2017
The Forest of Love,Drama,Drama_SPECIFIC,Japanese,Japanese,6.3,10-11-2019,151,2019
Canvas ,Animation,Animation / Short,English,English_SPECIFIC,6.5,12-11-2020,9,2020
Firebrand,Drama,Drama_SPECIFIC,Marathi,Marathi,5.2,2/22/2019,112,2019
#REALITYHIGH,Comedy,Comedy_SPECIFIC,English,English_SPECIFIC,5.2,09-08-2017,99,2017
Rattlesnake,Horror,Horror_SPECIFIC,English,English_SPECIFIC,4.6,10/25/2019,85,2019
Murder to Mercy: The Cyntoia Brown Story,Documentary,Documentary_SPECIFIC,English,English_SPECIFIC,6.4,4/29/2020,97,2020
Sextuplets,Comedy,Comedy_SPECIFIC,English,English_SPECIFIC,4.4,8/16/2019,99,2019
Cuba and the Cameraman ,Documentary,Documentary_SPECIFIC,English,English_SPECIFIC,8.3,11/24/2017,114,2017
Christmas Inheritance,Romance,Romantic drama,English,English_SPECIFIC,5.7,12/15/2017,104,2017
The Crimes That Bind,Crime ,Crime drama,Spanish,Spanish,6.6,8/20/2020,99,2020
Ghosts of Sugar Land,Documentary,Documentary_SPECIFIC,English,English_SPECIFIC,5.5,10/16/2019,21,2019
The Last Days of American Crime,Heist_,Heist film/Thriller,English,English_SPECIFIC,3.7,06-05-2020,149,2020
Lionheart,Comedy,Comedy_SPECIFIC,English,English_SPECIFIC,5.7,01-04-2019,94,2019
Dolly Kitty and Those Twinkling Stars,Drama,Drama_SPECIFIC,Hindi,Hindi,5.4,9/18/2020,120,2020
"Bikram: Yogi, Guru, Predator",Documentary,Documentary_SPECIFIC,English,English_SPECIFIC,6.7,11/20/2019,86,2019
Strong Island,Documentary,Documentary_SPECIFIC,English,English_SPECIFIC,6.4,9/15/2017,107,2017
A Secret Love,Documentary,Documentary_SPECIFIC,English,English_SPECIFIC,7.9,4/29/2020,82,2020
Space Sweepers,SCIENCE,Science fiction,Korean,Korean,6.6,02-05-2021,136,2021
Nobody Knows I'm Here,Drama,Drama_SPECIFIC,Spanish,Spanish,6.5,6/24/2020,91,2020
The Laundromat,Comedy,Comedy-drama,English,English_SPECIFIC,6.3,10/18/2019,98,2019
The Meyerowitz Stories (New and Selected),Comedy,Comedy-drama,English,English_SPECIFIC,6.9,10/13/2017,112,2017
"Lorena, Light-Footed Woman",Documentary,Documentary_SPECIFIC,Spanish,Spanish,7,11/20/2019,28,2019
End Game,Documentary,Documentary_SPECIFIC,English,English_SPECIFIC,7.1,05-04-2018,40,2018
The Babysitter: Killer Queen,Comedy,Comedy/Horror,English,English_SPECIFIC,5.8,09-10-2020,102,2020
iBoy,SCIENCE,Science fiction/Thriller,English,English_SPECIFIC,6,1/27/2017,90,2017
I Am Not an Easy Man,Romance,Romantic comedy,French_SPECIFIC,French,6.3,4/13/2018,98,2018
Ride or Die,Psychological,Psychological thriller drama,Japanese,Japanese,5.5,4/15/2021,142,2021
The Angel, thriller,Spy thriller,English,English_SPECIFIC,6.6,9/14/2018,114,2018
Get the Grift,Comedy,Comedy_SPECIFIC,Portuguese,Portuguese,5.5,4/28/2021,94,2021
Concrete Cowboy,Drama,Drama_SPECIFIC,English,English_SPECIFIC,6.3,04-02-2021,111,2021
Porta dos Fundos: The Last Hangover,Comedy,Comedy_SPECIFIC,Portuguese,Portuguese,6.3,12/21/2018,44,2018
Tig,Documentary,Documentary_SPECIFIC,English,English_SPECIFIC,7.4,7/17/2015,80,2015
The Midnight Sky,SCIENCE,Science fiction,English,English_SPECIFIC,5.6,12/23/2020,118,2020
Ultras,SPORTS,Sports film,Italian,Italian,5.9,3/20/2020,108,2020
Tony Robbins: I Am Not Your Guru,Documentary,Documentary_SPECIFIC,English,English_SPECIFIC,6.7,7/15/2016,116,2016
June & Kopi,Drama,Drama_SPECIFIC,Indonesian,Indonesian,6.3,1/28/2021,90,2021
We Are One,Documentary,Documentary_SPECIFIC,French_SPECIFIC,French,4.6,7/14/2020,86,2020
Monster,Drama,Drama_SPECIFIC,English,English_SPECIFIC,6.5,05-07-2021,98,2021
Grass Is Greener,Documentary,Documentary_SPECIFIC,English,English_SPECIFIC,7.1,4/20/2019,97,2019
Hubie Halloween,Comedy,Comedy_SPECIFIC,English,English_SPECIFIC,5.2,10-07-2020,103,2020
Little Evil,Comedy,Comedy horror,English,English_SPECIFIC,5.7,09-01-2017,94,2017
Ferry,Crime ,Crime drama,Dutch,Dutch_SPECIFIC,7.1,5/14/2021,106,2021
Desperados,Romance,Romantic comedy,English,English_SPECIFIC,5.2,07-03-2020,106,2020
Holidate,Romance,Romantic comedy/Holiday,English,English_SPECIFIC,6.1,10/28/2020,104,2020
Lust Stories,Drama,Drama_SPECIFIC,Hindi,Hindi,6.5,6/15/2018,120,2018
Under the Riccione Sun,Romance,Romantic teenage drama,Italian,Italian,5.4,07-01-2020,101,2020
Burning Sands,Drama,Drama_SPECIFIC,English,English_SPECIFIC,6.1,03-10-2017,102,2017
Dead Kids,Thriller,Thriller_SPECIFIC,Filipino,Filipino,5.5,12-01-2019,94,2019
Spenser Confidential,ACTION,Action/Comedy,English,English_SPECIFIC,6.2,03-06-2020,111,2020
Mucho Mucho Amor: The Legend of Walter Mercado ,Documentary,Documentary_SPECIFIC,Spanish,Spanish/English,7.3,07-08-2020,96,2020
Tallulah,Comedy,Comedy-drama,English,English_SPECIFIC,6.7,7/29/2016,111,2016
Step Sisters,Comedy,Comedy_SPECIFIC,English,English_SPECIFIC,5.5,1/19/2018,108,2018
The Most Assassinated Woman in the World,Thriller,Thriller_SPECIFIC,French_SPECIFIC,French,5.3,09-07-2018,102,2018
Serious Men,Drama,Drama_SPECIFIC,Hindi,Hindi,6.8,10-02-2020,114,2020
All Together Now,Drama,Drama_SPECIFIC,English,English_SPECIFIC,6.5,8/28/2020,93,2020
Win It All,Comedy,Comedy_SPECIFIC,English,English_SPECIFIC,6.2,04-07-2017,88,2017
Offering to the Storm,Thriller,Thriller_SPECIFIC,Spanish,Spanish,6.2,7/24/2020,139,2020
"Hello Privilege. It's Me, Chelsea",Documentary,Documentary_SPECIFIC,English,English_SPECIFIC,4.4,9/13/2019,64,2019
The Claudia Kishi Club,Documentary,Documentary_SPECIFIC,English,English_SPECIFIC,6.9,07-10-2020,17,2020
The White Helmets,Documentary,Documentary_SPECIFIC,English,English_SPECIFIC,7.5,9/16/2016,40,2016
The Do-Over,ACTION,Action/Comedy,English,English_SPECIFIC,5.7,5/27/2016,108,2016
The Old Guard,Superhero,Superhero/Action,English,English_SPECIFIC,6.7,07-10-2020,124,2020
Tigertail,Drama,Drama_SPECIFIC,English,English/Taiwanese/Mandarin,6.5,04-10-2020,91,2020
Recovery Boys,Documentary,Documentary_SPECIFIC,English,English_SPECIFIC,6.6,6/29/2018,89,2018
Rajma Chawal,Comedy,Comedy-drama,Hindi,Hindi,5.8,11/30/2018,118,2018
The Kissing Booth,Romance,Romantic comedy,English,English_SPECIFIC,6,05-11-2018,105,2018
The Trader,Documentary,Documentary_SPECIFIC,Georgian,Georgian,6.8,02-09-2018,23,2018
Benji,Family,Family film,English,English_SPECIFIC,6.3,3/16/2018,87,2018
15-Aug,Comedy,Comedy-drama,Marathi,Marathi,5.8,3/29/2019,124,2019
Chadwick Boseman: Portrait of an Artist,Documentary,Documentary_SPECIFIC,English,English_SPECIFIC,6.5,4/17/2021,21,2021
Kingdom of Us,Documentary,Documentary_SPECIFIC,English,English_SPECIFIC,7,10/13/2017,109,2017
Audrie & Daisy,Documentary,Documentary_SPECIFIC,English,English_SPECIFIC,7.2,9/23/2016,98,2016
5 Star Christmas,Comedy,Comedy_SPECIFIC,Italian,Italian,4.6,12-07-2018,95,2018
Father Soldier Son,Documentary,Documentary_SPECIFIC,English,English_SPECIFIC,7.3,7/17/2020,100,2020
The Occupant,Thriller,Thriller_SPECIFIC,Spanish,Spanish,6.4,3/25/2020,103,2020
Gunjan Saxena: The Kargil Girl,Drama,Drama_SPECIFIC,Hindi,Hindi,5.3,08-12-2020,112,2020
See You Yesterday,SCIENCE,Science fiction,English,English_SPECIFIC,5.2,5/17/2019,87,2019
Pee-wee's Big Holiday,Adventure,Adventure_ONLY,English,English_SPECIFIC,6.1,3/18/2016,89,2016
Anelka: Misunderstood,Documentary,Documentary_SPECIFIC,French_SPECIFIC,French,6.4,08-05-2020,94,2020
Oxygen,SCIENCE,Science fiction thriller,French_SPECIFIC,French,6.5,05-12-2021,101,2021
Tony Parker: The Final Shot,Documentary,Documentary_SPECIFIC,French_SPECIFIC,French,6.8,01-06-2021,98,2021
His House,Thriller,Thriller_SPECIFIC,English,English_SPECIFIC,6.5,10/30/2020,93,2020
13th,Documentary,Documentary_SPECIFIC,English,English_SPECIFIC,8.2,10-07-2016,100,2016
Ladies First,Documentary,Documentary_SPECIFIC,English,English/Hindi,7.2,03-08-2018,39,2018
Calibre,Thriller,Thriller_SPECIFIC,English,English_SPECIFIC,6.8,6/29/2018,101,2018
Lost Girls,Crime ,Crime drama,English,English_SPECIFIC,6.1,3/13/2020,95,2020
Brahman Naman,Comedy,Comedy_SPECIFIC,English,English_SPECIFIC,5.6,07-07-2016,95,2016
Girlfriend's Day,Comedy,Comedy_SPECIFIC,English,English_SPECIFIC,5.2,2/14/2017,70,2017
Anima,Musical,Musical / Short,English,English_SPECIFIC,7.7,6/27/2019,15,2019
The Irishman,Crime ,Crime drama,English,English_SPECIFIC,7.8,11/27/2019,209,2019
Dolly Parton: A MusiCares Tribute,Documentary,Documentary_SPECIFIC,English,English_SPECIFIC,6.5,04-07-2021,55,2021
IO,SCIENCE,Science fiction/Drama,English,English_SPECIFIC,4.7,1/18/2019,95,2019
After Maria,Documentary,Documentary_SPECIFIC,English,English/Spanish,4.6,5/24/2019,37,2019
Amanda Knox,Documentary,Documentary_SPECIFIC,English,English_SPECIFIC,6.9,9/30/2016,92,2016
Dad Wanted,Family,Family_SPECIFIC,Spanish,Spanish,5.7,09-11-2020,102,2020
To All the Boys: P.S. I Still Love You,Romance,Romantic comedy,English,English_SPECIFIC,6,02-12-2020,102,2020
Naked,Comedy,Comedy_SPECIFIC,English,English_SPECIFIC,5.4,08-11-2017,96,2017
Guilty,Thriller,Thriller_SPECIFIC,Hindi,Hindi,5.4,03-06-2020,119,2020
To All the Boys I've Loved Before,Romance,Romantic comedy,English,English_SPECIFIC,7.1,8/17/2018,99,2018
Tribhanga ? Tedhi Medhi Crazy,Drama,Drama_SPECIFIC,Hindi,Hindi,6.1,1/15/2021,95,2021
Team Foxcatcher,Documentary,Documentary_SPECIFIC,English,English/Russian,7.3,4/29/2016,90,2016
The Players,Comedy,Comedy_SPECIFIC,Italian,Italian,4.6,7/15/2020,88,2020
Take Your Pills,Documentary,Documentary_SPECIFIC,English,English_SPECIFIC,6.4,3/16/2018,87,2018
Wheelman,ACTION,Action thriller,English,English_SPECIFIC,6.4,10/20/2017,82,2017
Resurface,Documentary,Documentary_SPECIFIC,English,English_SPECIFIC,7,09-01-2017,27,2017
Dangerous Lies,Thriller,Thriller_SPECIFIC,English,English_SPECIFIC,5.3,4/30/2020,97,2020
A Life of Speed: The Juan Manuel Fangio Story,Documentary,Documentary_SPECIFIC,Spanish,Spanish,6.8,3/20/2020,92,2020
One of Us,Documentary,Documentary_SPECIFIC,English,English_SPECIFIC,7.1,10/20/2017,95,2017
A Tale of Two Kitchens,Documentary,Documentary_SPECIFIC,English,English/Spanish,6.3,5/22/2019,30,2019
Over the Moon,Animation,Animation/Musical/Adventure,English,English_SPECIFIC,6.4,10/23/2020,95,2020
Raat Akeli Hai,Thriller,Thriller_SPECIFIC,Hindi,Hindi,7.3,7/31/2020,149,2020
Two Catalonias,Documentary,Documentary_SPECIFIC,Spanish,Spanish/Catalan,6.4,9/28/2018,116,2018
Keith Richards: Under the Influence,Documentary,Documentary_SPECIFIC,English,English_SPECIFIC,7.1,9/18/2015,81,2015
ReMastered: Who Shot the Sheriff?,Documentary,Documentary_SPECIFIC,English,English_SPECIFIC,6.9,10-12-2018,57,2018
Like Father,Comedy,Comedy_SPECIFIC,English,English_SPECIFIC,6.1,08-03-2018,103,2018
ReMastered: The Two Killings of Sam Cooke,Documentary,Documentary_SPECIFIC,English,English_SPECIFIC,7.3,02-08-2019,64,2019
Winter on Fire: Ukraine's Fight for Freedom,Documentary,Documentary_SPECIFIC,English,English/Ukranian/Russian,8.4,10-09-2015,91,2015
Hold the Dark,Thriller,Thriller_SPECIFIC,English,English_SPECIFIC,5.6,9/28/2018,125,2018
Below Zero,Drama,Drama_SPECIFIC,Spanish,Spanish,6.2,1/29/2021,106,2021
Sierra Burgess Is a Loser,Romance,Romantic comedy-drama,English,English_SPECIFIC,5.8,09-07-2018,105,2018
Casting JonBenet,Documentary,Documentary_SPECIFIC,English,English_SPECIFIC,6.1,4/28/2017,80,2017
The Half of It,Romance,Romance_SPECIFIC,English,English_SPECIFIC,6.9,05-01-2020,105,2020
Just Another Christmas,Comedy,Comedy_SPECIFIC,Portuguese,Portuguese,6.7,12-03-2020,101,2020
Otherhood,Comedy,Comedy_SPECIFIC,English,English_SPECIFIC,6.1,08-02-2019,100,2019
Octonauts & the Caves of Sac Actun,Animation,Animation_ONLY,English,English_SPECIFIC,6.2,8/14/2020,72,2020
CounterPunch ,Documentary,Documentary_SPECIFIC,English,English_SPECIFIC,6.7,6/16/2017,91,2017
Octonauts & the Great Barrier Reef,Animation,Animation_ONLY,English,English_SPECIFIC,7.3,10/13/2020,47,2020
The Claus Family,Fantasy,Fantasy_,Dutch,Dutch_SPECIFIC,5.8,12-07-2020,96,2020
Moxie,Drama,Drama_SPECIFIC,English,English_SPECIFIC,6.7,03-03-2021,111,2021
The Woman in the Window,Psychological,Psychological thriller,English,English_SPECIFIC,5.7,5/14/2021,100,2021
The Last Thing He Wanted, thriller,Political thriller,English,English_SPECIFIC,4.3,2/21/2020,115,2020
The Fundamentals of Caring,Comedy,Comedy-drama,English,English_SPECIFIC,7.3,6/24/2016,97,2016
We Can Be Heroes,Superhero,Superhero_SPECIFIC,English,English_SPECIFIC,4.7,12/25/2020,100,2020
Bird Box,Psychological,Psychological thriller,English,English_SPECIFIC,6.6,12/21/2018,124,2018
Love per Square Foot,Romance,Romantic comedy,Hindi,Hindi,7.2,2/14/2018,133,2018
Nappily Ever After,Comedy,Comedy-drama,English,English_SPECIFIC,6.4,9/21/2018,98,2018
All in My Family,Documentary,Documentary_SPECIFIC,English,English/Mandarin,6.8,05-03-2019,39,2019
Murder Mystery,Comedy,Comedy mystery,English,English_SPECIFIC,6,6/14/2019,97,2019
Class of '83,Drama,Drama_SPECIFIC,Hindi,Hindi,5.8,8/21/2020,98,2020
The Legacy of a Whitetail Deer Hunter,Adventure,Adventure/Comedy,English,English_SPECIFIC,5.5,07-06-2018,83,2018
XOXO,Drama,Drama_SPECIFIC,English,English_SPECIFIC,5.3,8/26/2016,92,2016
Whipped,Romance,Romantic comedy,Indonesian,Indonesian,4.1,9/18/2020,97,2020
Velvet Buzzsaw,Thriller,Thriller_SPECIFIC,English,English_SPECIFIC,5.7,02-01-2019,112,2019
The Death and Life of Marsha P. Johnson,Documentary,Documentary_SPECIFIC,English,English_SPECIFIC,7.3,10-06-2017,105,2017
Hillbilly Elegy,Drama,Drama_SPECIFIC,English,English_SPECIFIC,6.7,11/24/2020,117,2020
Little Miss Sumo,Documentary,Documentary_SPECIFIC,Japanese,Japanese,6.7,10/28/2019,19,2019
Isi & Ossi,Romance,Romantic comedy,German,German,6.4,2/14/2020,113,2020
Love Wedding Repeat,Romance,Romantic comedy,English,English_SPECIFIC,5.5,04-10-2020,100,2020
Heroin(e) ,Documentary,Documentary_SPECIFIC,English,English_SPECIFIC,6.8,09-12-2017,39,2017
Long Live Brij Mohan,Comedy,Comedy_SPECIFIC,Hindi,Hindi,6.8,08-03-2018,105,2018
Eurovision Song Contest: The Story of Fire Saga,Musical,Musical comedy,English,English_SPECIFIC,6.5,6/26/2020,123,2020
Who Would You Take to a Deserted Island?,Drama,Drama_SPECIFIC,Spanish,Spanish,5.3,04-12-2019,93,2019
Wine Country,Comedy,Comedy_SPECIFIC,English,English_SPECIFIC,5.5,05-10-2019,103,2019
Let It Snow,Romance,Romantic comedy,English,English_SPECIFIC,5.8,11-08-2019,92,2019
To the Bone,Drama,Drama_SPECIFIC,English,English_SPECIFIC,6.8,7/14/2017,107,2017
Gerald's Game,Horror,Horror thriller,English,English_SPECIFIC,6.5,9/29/2017,103,2017
It Takes a Lunatic,Documentary,Documentary_SPECIFIC,English,English_SPECIFIC,6.6,10/25/2019,126,2019
Laerte-se,Documentary,Documentary_SPECIFIC,Portuguese,Portuguese,6.9,5/19/2017,100,2017
Guillermo Vilas: Settling the Score,Documentary,Documentary_SPECIFIC,Spanish,Spanish,7.1,10/27/2020,94,2020
Secrets of the Saqqara Tomb,Documentary,Documentary_SPECIFIC,English,English/Arabic,7.3,10/28/2020,114,2020
Things Heard & Seen,Horror,Horror_SPECIFIC,English,English_SPECIFIC,5.3,4/29/2021,121,2021
ARQ,SCIENCE,Science fiction/Thriller,English,English_SPECIFIC,6.4,9/16/2016,88,2016
Emicida: AmarElo - It's All For Yesterday,Documentary,Documentary_SPECIFIC,Portuguese,Portuguese,8.6,12-08-2020,89,2020
Athlete A,Documentary,Documentary_SPECIFIC,English,English_SPECIFIC,7.6,6/24/2020,104,2020
Marriage Story,Drama,Drama_SPECIFIC,English,English_SPECIFIC,7.9,12-06-2019,136,2019
Dolly Parton's Christmas on the Square,Christmas,Christmas musical,English,English_SPECIFIC,5.2,11/22/2020,98,2020
The Package,comedy,Black comedy,English,English_SPECIFIC,5.5,08-10-2018,94,2018
Unknown Origins,Thriller,Thriller_SPECIFIC,Spanish,Spanish,6.1,8/28/2020,96,2020
Roma,Drama,Drama_SPECIFIC,Spanish,Spanish,7.7,12/14/2018,135,2018
"Love, Guaranteed",Romance,Romantic comedy,English,English_SPECIFIC,5.6,09-03-2020,91,2020
Rich in Love,Romance,Romantic comedy,Portuguese,Portuguese,5.8,4/30/2020,105,2020
Bigflo & Oil: Hip Hop Frenzy,Documentary,Documentary_SPECIFIC,French_SPECIFIC,French,6.9,10-08-2020,100,2020
Private Life,Drama,Drama_SPECIFIC,English,English_SPECIFIC,7.2,10-05-2018,124,2018
Beats,Drama,Drama_SPECIFIC,English,English_SPECIFIC,7.1,6/19/2019,110,2019
Shirkers,Documentary,Documentary_SPECIFIC,English,English_SPECIFIC,7.4,10/26/2018,97,2018
Drive,ACTION,Action_ONLY,Hindi,Hindi,3.5,11-01-2019,147,2019
City of Joy,Documentary,Documentary_SPECIFIC,English,English_SPECIFIC,7.5,09-07-2018,74,2018
Blue Miracle,Drama,Drama_SPECIFIC,English,English_SPECIFIC,6.7,5/27/2021,95,2021
David Attenborough: A Life on Our Planet,Documentary,Documentary_SPECIFIC,English,English_SPECIFIC,9,10-04-2020,83,2020
The Other Side of the Wind,Drama,Drama_SPECIFIC,English,English_SPECIFIC,6.8,11-02-2018,122,2018
The App,SCIENCE,Science fiction/Drama,Italian,Italian,2.6,12/26/2019,79,2019
The Night Comes for Us,ACTION,Action-thriller,Indonesian,Indonesian,7,10/19/2018,121,2018
The Bleeding Edge,Documentary,Documentary_SPECIFIC,English,English_SPECIFIC,7.6,7/27/2018,100,2018
Triple Frontier,ACTION,Action-thriller,English,English_SPECIFIC,6.4,3/13/2019,125,2019
Into the Inferno,Documentary,Documentary_SPECIFIC,English,English_SPECIFIC,7.2,10/28/2016,107,2016
Walk. Ride. Rodeo.,Drama,Drama_SPECIFIC,English,English_SPECIFIC,6.4,03-08-2019,99,2019
The Willoughbys,Animation,Animation/Comedy/Adventure,English,English_SPECIFIC,6.4,4/22/2020,90,2020
Mrs. Serial Killer,Thriller,Thriller_SPECIFIC,Hindi,Hindi,4.8,05-01-2020,106,2020
Lost Bullet,Thriller,Thriller_SPECIFIC,French_SPECIFIC,French,6.2,6/19/2020,92,2020
Despite Everything,Comedy,Comedy_SPECIFIC,Spanish,Spanish,5.4,05-03-2019,78,2019
Reversing Roe,Documentary,Documentary_SPECIFIC,English,English_SPECIFIC,7.5,9/13/2018,99,2018
The Cloverfield Paradox,SCIENCE,Science fiction,English,English_SPECIFIC,5.5,02-04-2018,102,2018
Spelling the Dream,Documentary,Documentary_SPECIFIC,English,English_SPECIFIC,6.9,06-03-2020,83,2020
The Open House,Horror,Horror thriller,English,English_SPECIFIC,3.2,1/19/2018,94,2018
Rocko's Modern Life: Static Cling,Animation,Animation / Comedy,English,English_SPECIFIC,7,08-09-2019,45,2019
Rogue City,Crime ,Crime drama,French_SPECIFIC,French,6.1,10/30/2020,116,2020
Feel the Beat,Family,Family/Comedy-drama,English,English_SPECIFIC,6.3,6/19/2020,107,2020
Set It Up,Romance,Romantic comedy,English,English_SPECIFIC,6.5,6/15/2018,105,2018
True Memoirs of an International Assassin,ACTION,Action/Comedy,English,English_SPECIFIC,5.9,11-11-2016,98,2016
The Heartbreak Club,Comedy,Comedy-drama,Indonesian,Indonesian,6.4,1/14/2021,101,2021
Nail Bomber: Manhunt,Documentary,Documentary_SPECIFIC,English,English_SPECIFIC,6.3,5/26/2021,72,2021
Get Me Roger Stone,Documentary,Documentary_SPECIFIC,English,English_SPECIFIC,7.3,05-12-2017,101,2017
"Ram Dass, Going Home",Documentary,Documentary_SPECIFIC,English,English_SPECIFIC,7.1,04-06-2018,31,2018
Crip Camp: A Disability Revolution,Documentary,Documentary_SPECIFIC,English,English_SPECIFIC,7.7,3/25/2020,108,2020
The Holiday Calendar,Romance,Romantic comedy,English,English_SPECIFIC,5.7,11-02-2018,95,2018
On My Skin,Crime ,Crime drama,Italian,Italian,7.3,09-12-2018,100,2018
Layla Majnun,Romance,Romantic drama,Indonesian,Indonesian,6.4,02-11-2021,119,2021
After the Raid,Documentary,Documentary_SPECIFIC,Spanish,Spanish,4.3,12/19/2019,25,2019
Dick Johnson Is Dead,Documentary,Documentary_SPECIFIC,English,English_SPECIFIC,7.5,10-02-2020,90,2020
LA Originals,Documentary,Documentary_SPECIFIC,English,English_SPECIFIC,7.2,04-10-2020,92,2020
Work It,comedy,Dance comedy,English,English_SPECIFIC,6.1,08-07-2020,93,2020
The Misadventures of Hedi and Cokeman,Comedy,Comedy_SPECIFIC,French_SPECIFIC,French,4.5,02-10-2021,99,2021
Intuition,Thriller,Thriller_SPECIFIC,Spanish,Spanish,5.3,5/28/2020,116,2020
The Ivory Game,Documentary,Documentary_SPECIFIC,English,English_SPECIFIC,7.9,11-04-2016,112,2016
Dancing with the Birds,Documentary,Documentary_SPECIFIC,English,English_SPECIFIC,8.3,10/23/2019,51,2019
Fire in Paradise,Documentary,Documentary_SPECIFIC,English,English_SPECIFIC,7.4,11-01-2019,39,2019
A Fall from Grace,Thriller,Thriller_SPECIFIC,English,English_SPECIFIC,5.9,1/17/2020,120,2020
Ludo,comedy,Anthology/Dark comedy,Hindi,Hindi,7.6,11-12-2020,149,2020
Crazy Awesome Teachers,Comedy,Comedy-drama,Indonesian,Indonesian,6.2,8/17/2020,101,2020
Back to School,Comedy,Comedy_SPECIFIC,French_SPECIFIC,French,5.3,8/30/2019,83,2019
Angela's Christmas Wish,Animation,Animation_ONLY,English,English_SPECIFIC,7.1,12-01-2020,47,2020
Madame Claude,Drama,Drama_SPECIFIC,French_SPECIFIC,French,5.4,04-02-2021,112,2021
Soni,Crime ,Crime drama,Hindi,Hindi,7.2,1/18/2019,97,2019
Saving Capitalism,Documentary,Documentary_SPECIFIC,English,English_SPECIFIC,6.8,11/21/2017,73,2017
The Perfect Date,Romance,Romantic comedy,English,English_SPECIFIC,5.8,04-12-2019,89,2019
Upstarts,Drama,Drama_SPECIFIC,Hindi,Hindi,6.7,10/18/2019,112,2019
Nobody Sleeps in the Woods Tonight,Horror,Horror_SPECIFIC,Polish,Polish,4.8,10/28/2020,103,2020
The Boys in the Band,Drama,Drama_SPECIFIC,English,English_SPECIFIC,6.8,9/30/2020,121,2020
The Princess Switch: Switched Again,Romance,Romantic comedy,English,English_SPECIFIC,5.4,11/19/2020,97,2020
All the Bright Places,Romance,Romance_SPECIFIC,English,English_SPECIFIC,6.5,2/28/2020,108,2020
Small Crimes,comedy,Dark comedy,English,English_SPECIFIC,5.8,4/28/2017,95,2017
Sitara: Let Girls Dream,Animation,Animation / Short,English,English_SPECIFIC,7.3,03-08-2020,15,2020
Rebirth,Thriller,Thriller_SPECIFIC,English,English_SPECIFIC,5,7/15/2016,100,2016
Geez & Ann,Romance,Romantic drama,Indonesian,Indonesian,5.1,2/25/2021,105,2021
The Two Popes,Drama,Drama_SPECIFIC,English,English_SPECIFIC,7.6,12/20/2019,125,2019
Double Dad,Comedy,Comedy-drama,Portuguese,Portuguese,5.6,1/15/2021,103,2021
Como Caído del Cielo,Musical,Musical comedy,Spanish,Spanish,6.4,12/24/2019,112,2019
Sandy Wexler,Comedy,Comedy_SPECIFIC,English,English_SPECIFIC,5.2,4/14/2017,131,2017
Operation Varsity Blues: The College Admissions Scandal,Documentary,Documentary_SPECIFIC,English,English_SPECIFIC,7,3/17/2021,99,2021
Life Overtakes Me,Documentary,Documentary_SPECIFIC,English,English/Swedish,6.5,6/14/2019,40,2019
The Discovery,SCIENCE,Science fiction/Drama,English,English_SPECIFIC,6.3,3/31/2017,102,2017
Cops and Robbers,Animation,Animation / Short,English,English_SPECIFIC,6.9,12/28/2020,7,2020
My Octopus Teacher,Documentary,Documentary_SPECIFIC,English,English_SPECIFIC,8.1,09-07-2020,85,2020
The Speed Cubers,Documentary,Documentary_SPECIFIC,English,English_SPECIFIC,7.4,7/29/2020,40,2020
ReMastered: The Miami Showband Massacre,Documentary,Documentary_SPECIFIC,English,English_SPECIFIC,7,3/22/2019,70,2019
The Devil All the Time,Psychological,Psychological thriller,English,English_SPECIFIC,7.1,9/16/2020,138,2020
I Am the Pretty Thing That Lives in the House,Horror,Horror_SPECIFIC,English,English_SPECIFIC,4.6,10/28/2016,89,2016
Seaspiracy,Documentary,Documentary_SPECIFIC,English,English_SPECIFIC,8.2,3/24/2021,89,2021
Extraction,ACTION,Action_ONLY,English,English_SPECIFIC,6.7,4/24/2020,117,2020
The Highwaymen,Crime ,Crime drama,English,English_SPECIFIC,6.9,3/29/2019,131,2019
Rooting for Roona,Documentary,Documentary_SPECIFIC,BENGALI,Bengali_ONLY,7.1,10/15/2020,41,2020
ReMastered: Massacre at the Stadium,Documentary,Documentary_SPECIFIC,English,English/Spanish,7.3,01-11-2019,64,2019
Spectral,SCIENCE,Science fiction/Action,English,English_SPECIFIC,6.3,12-09-2016,108,2016
Juanita,Drama,Drama_SPECIFIC,English,English_SPECIFIC,6,03-08-2019,90,2019
"Crack: Cocaine, Corruption & Conspiracy",Documentary,Documentary_SPECIFIC,English,English_SPECIFIC,6.7,01-11-2021,89,2021
The Land of Steady Habits,Drama,Drama_SPECIFIC,English,English_SPECIFIC,6.2,9/14/2018,98,2018
Searching for Sheela,Documentary,Documentary_SPECIFIC,English,English_SPECIFIC,4.1,4/22/2021,58,2021
Pagglait,Comedy,Comedy-drama,Hindi,Hindi,6.9,3/26/2021,114,2021
Becoming,Documentary,Documentary_SPECIFIC,English,English_SPECIFIC,6.8,05-06-2020,89,2020
Arlo the Alligator Boy,Animation,Animated musical comedy,English,English_SPECIFIC,6.7,4/16/2021,92,2021
Choked: Paisa Bolta Hai,Drama,Drama_SPECIFIC,Hindi,Hindi,5.8,06-05-2020,114,2020
Just Say Yes,Romance,Romantic comedy,Dutch,Dutch_SPECIFIC,4.5,04-02-2021,97,2021
The Day of the Lord,Drama,Drama_SPECIFIC,Spanish,Spanish,4.9,10/30/2020,93,2020
Milestone,Drama,Drama_SPECIFIC,Hindi,Hindi,6.6,05-07-2021,98,2021
Sardar Ka Grandson,Comedy,Comedy_SPECIFIC,Hindi,Hindi,4.1,5/18/2021,139,2021
The After Party,Comedy,Comedy_SPECIFIC,English,English_SPECIFIC,5.8,8/24/2018,89,2018
Gaga: Five Foot Two,Documentary,Documentary_SPECIFIC,English,English_SPECIFIC,7,9/22/2017,100,2017
Disclosure: Trans Lives on Screen,Documentary,Documentary_SPECIFIC,English,English_SPECIFIC,8.2,6/19/2020,107,2020
A Love Song for Latasha,Documentary,Documentary_SPECIFIC,English,English_SPECIFIC,6.8,9/21/2020,19,2020
Struggle: The Life and Lost Art of Szukaiski,Documentary,Documentary_SPECIFIC,English,English_SPECIFIC,8,12/21/2018,105,2018
1922,Horror,Horror/Crime drama,English,English_SPECIFIC,6.3,10/20/2017,102,2017
Hot Girls Wanted,Documentary,Documentary_SPECIFIC,English,English_SPECIFIC,6.1,5/29/2015,84,2015
Klaus,Animation,Animation/Christmas/Comedy/Adventure,English,English_SPECIFIC,8.2,11/15/2019,97,2019
I Don't Feel at Home in This World Anymore,Drama,Drama_SPECIFIC,English,English_SPECIFIC,6.9,2/24/2017,96,2017
Earth and Blood,ACTION,Action_ONLY,French_SPECIFIC,French,4.9,4/17/2020,80,2020
Nobody Speak: Trials of the Free Press,Documentary,Documentary_SPECIFIC,English,English_SPECIFIC,6.5,6/23/2017,95,2017
Òlòt?ré,Crime ,Crime drama,English,English_SPECIFIC,5.5,10-02-2020,106,2020
The Prom,Musical,Musical_,English,English_SPECIFIC,5.9,12-11-2020,132,2020
Fractured,Thriller,Thriller_SPECIFIC,English,English_SPECIFIC,6.4,10-11-2019,100,2019
7 años,Drama,Drama_SPECIFIC,Spanish,Spanish,6.8,10/28/2016,76,2016
Antoine Griezmann: The Making of a Legend,Documentary,Documentary_SPECIFIC,French_SPECIFIC,French,6.5,3/21/2019,60,2019
Fatal Affair,Thriller,Thriller_SPECIFIC,English,English_SPECIFIC,4.5,7/16/2020,89,2020
Music Teacher,Drama,Drama_SPECIFIC,Hindi,Hindi,6.3,4/19/2019,101,2019
Enter the Anime,Documentary,Documentary_SPECIFIC,English,English/Japanese,2.5,08-05-2019,58,2019
First Match,SPORTS,Sports-drama,English,English_SPECIFIC,6.4,3/30/2018,102,2018
Coffee & Kareem,ACTION,Action/Comedy,English,English_SPECIFIC,5.1,04-03-2020,88,2020
You've Got This,Romance,Romantic comedy,Spanish,Spanish,5.8,10-02-2020,111,2020
A Week Away,Christmas,Christian musical,English,English_SPECIFIC,5.7,3/26/2021,97,2021
The 40-Year-Old Version,Comedy,Comedy_SPECIFIC,English,English_SPECIFIC,7.2,10-09-2020,124,2020
What Happened to Mr. Cha?,Comedy,Comedy_SPECIFIC,Korean,Korean,4.3,01-01-2021,102,2021
Finding Agnes,Drama,Drama_SPECIFIC,Filipino,Filipino,4.7,11/30/2020,105,2020
A Whisker Away,Anime,Anime/Fantasy,Japanese,Japanese,6.7,6/18/2020,104,2020
Ghost Lab,Horror,Horror_SPECIFIC,Thai,Thai,5.2,5/26/2021,117,2021
ReMastered: Devil at the Crossroads,Documentary,Documentary_SPECIFIC,English,English_SPECIFIC,7,4/26/2019,48,2019
ReMastered: Tricky Dick & the Man in Black,Documentary,Documentary_SPECIFIC,English,English_SPECIFIC,7.1,11-02-2018,58,2018
Handsome: A Netflix Mystery Movie,Comedy,Comedy_SPECIFIC,English,English_SPECIFIC,5.2,05-05-2017,81,2017
Rim of the World,SCIENCE,Science fiction adventure,English,English_SPECIFIC,5.2,5/24/2019,98,2019
Notes from Dunblane: Lesson from a School Shooting,Documentary,Documentary_SPECIFIC,English,English_SPECIFIC,5.9,9/28/2018,23,2018
Homecoming: A Film by Beyonce ,Documentary,Documentary_SPECIFIC,English,English_SPECIFIC,7.5,4/17/2019,137,2019
Miss Americana,Documentary,Documentary_SPECIFIC,English,English_SPECIFIC,7.4,1/31/2020,85,2020
Always Be My Maybe,Romance,Romantic comedy,English,English_SPECIFIC,6.8,5/31/2019,102,2019
Holiday in the Wild,Adventure,Adventure-romance,English,English_SPECIFIC,6.1,11-01-2019,85,2019
Dude,comedy,Teen comedy-drama,English,English_SPECIFIC,5.1,4/20/2018,97,2018
Zion ,Documentary,Documentary_SPECIFIC,English,English_SPECIFIC,7.2,08-10-2018,11,2018
ReMastered: The Lion's Share,Documentary,Documentary_SPECIFIC,English,English_SPECIFIC,7,5/17/2019,84,2019
The Social Dilemma,Documentary,Documentary_SPECIFIC,English,English_SPECIFIC,7.6,09-09-2020,94,2020
Paris Is Us,Romance,Romance drama,French_SPECIFIC,French,4.6,2/22/2019,83,2019
Candy Jar,Comedy,Comedy_SPECIFIC,English,English_SPECIFIC,5.8,4/27/2018,92,2018
Blame!,Anime,Anime/Science fiction,Japanese,Japanese,6.7,5/20/2017,106,2017
The Life Ahead,Drama,Drama_SPECIFIC,Italian,Italian,6.8,11/13/2020,95,2020
A Christmas Prince: The Royal Wedding,Romance,Romantic comedy,English,English_SPECIFIC,5.3,11/30/2018,92,2018
Maska,Romance,Romantic comedy,Hindi,Hindi,5.9,3/27/2020,111,2020
AK vs AK,Thriller,Thriller_SPECIFIC,Hindi,Hindi,6.9,12/24/2020,108,2020
Eli,Horror,Horror_SPECIFIC,English,English_SPECIFIC,5.7,10/18/2019,98,2019
A Christmas Prince,Romance,Romantic comedy,English,English_SPECIFIC,5.8,11/17/2017,92,2017
The Babysitter,comedy,Teen comedy horror,English,English_SPECIFIC,6.3,10/13/2017,85,2017
I'm Thinking of Ending Things,Psychological,Psychological thriller,English,English_SPECIFIC,6.6,09-04-2020,134,2020
Death Note,Horror,Horror thriller,English,English_SPECIFIC,4.4,8/25/2017,100,2017
El Camino: A Breaking Bad Movie,Crime ,Crime drama,English,English_SPECIFIC,7.3,10-11-2019,121,2019
Los Tigres del Norte at Folsom Prison,Documentary,Documentary_SPECIFIC,Spanish,Spanish,7,9/15/2019,64,2019
They'll Love Me When I'm Dead,Documentary,Documentary_SPECIFIC,English,English_SPECIFIC,7.4,11-02-2018,98,2018
The Christmas Chronicles: Part Two,Christmas,Christmas comedy,English,English_SPECIFIC,6,11/25/2020,115,2020
Pele,Documentary,Documentary_SPECIFIC,English,English_SPECIFIC,7,2/23/2021,108,2021
Mowgli: Legend of the Jungle,Adventure,Adventure_ONLY,English,English_SPECIFIC,6.5,12-07-2018,104,2018
Have You Ever Seen Fireflies?,Comedy,Comedy_SPECIFIC,,Turkish,6.2,04-09-2021,114,2021
Extinction,SCIENCE,Science fiction/Thriller,English,English_SPECIFIC,5.8,7/27/2018,95,2018
High Flying Bird,SPORTS,Sports-drama,English,English_SPECIFIC,6.2,02-08-2019,90,2019
Malcolm & Marie,Romance,Romantic drama,English,English_SPECIFIC,6.7,02-05-2021,106,2021
Chasing Coral ,Documentary,Documentary_SPECIFIC,English,English_SPECIFIC,8.1,7/14/2017,89,2017
Stuck Apart,Drama,Drama_SPECIFIC,,Turkish,6.1,01-08-2021,96,2021
John Was Trying to Contact Aliens,Documentary,Documentary_SPECIFIC,English,English_SPECIFIC,6.4,8/20/2020,16,2020
Rising Phoenix,Documentary,Documentary_SPECIFIC,English,English_SPECIFIC,8.1,8/26/2020,106,2020
Joan Didion: The Center Will Not Hold,Documentary,Documentary_SPECIFIC,English,English_SPECIFIC,7.5,10/27/2017,98,2017
Feminists: What Were They Thinking?,Documentary,Documentary_SPECIFIC,English,English_SPECIFIC,7,10-12-2018,86,2018
Okja,ACTION,Action-adventure,English,English/Korean,7.3,6/28/2017,121,2017
Extremis,Documentary,Documentary_SPECIFIC,English,English_SPECIFIC,7.3,9/13/2016,24,2016
Been So Long,Musical,Musical_,English,English_SPECIFIC,5.5,10/26/2018,100,2018
To All the Boys: Always and Forever,Romance,Romantic comedy,English,English_SPECIFIC,6.3,02-12-2021,109,2021
The Black Godfather,Documentary,Documentary_SPECIFIC,English,English_SPECIFIC,7.4,06-07-2019,118,2019
The Minimalists: Less Is Now,Documentary,Documentary_SPECIFIC,English,English_SPECIFIC,5.9,01-01-2021,53,2021
Ajeeb Daastaans,Drama,Drama_SPECIFIC,Hindi,Hindi,6.7,4/16/2021,142,2021
Da 5 Bloods,War,War drama,English,English_SPECIFIC,6.5,06-12-2020,155,2020
The Week Of,Comedy,Comedy_SPECIFIC,English,English_SPECIFIC,5.2,4/27/2018,116,2018
The Last Paradiso,Romance,Romantic drama,Italian,Italian,5.6,02-05-2021,107,2021
I'll Sleep When I'm Dead,Documentary,Documentary_SPECIFIC,English,English_SPECIFIC,6.6,8/19/2016,79,2016
Amateur,SPORTS,Sports-drama,English,English_SPECIFIC,5.9,04-06-2018,96,2018
Take the 10,Comedy,Comedy_SPECIFIC,English,English_SPECIFIC,4.8,1/20/2017,80,2017
Have a Good Trip: Adventures in Psychedelics,Documentary,Documentary_SPECIFIC,English,English_SPECIFIC,6.8,05-11-2020,85,2020
Rebecca,Romance,Romantic thriller,English,English_SPECIFIC,6,10/21/2020,123,2020
6 Underground,ACTION,Action_ONLY,English,English_SPECIFIC,6.1,12/13/2019,128,2019
Tell Me Who I Am,Documentary,Documentary_SPECIFIC,English,English_SPECIFIC,7.6,10/18/2019,85,2019
Project Power,Superhero,Superhero_SPECIFIC,English,English_SPECIFIC,6,8/14/2020,113,2020
The Dig,Drama,Drama_SPECIFIC,English,English_SPECIFIC,7.1,1/29/2021,112,2021
A Very Murray Christmas,Comedy,Comedy / Musical,English,English_SPECIFIC,5.5,12-04-2015,56,2015
My Beautiful Broken Brain,Documentary,Documentary_SPECIFIC,English,English_SPECIFIC,7.1,3/18/2016,91,2016
The Kissing Booth 2,Romance,Romantic comedy,English,English_SPECIFIC,5.8,7/24/2020,131,2020
Beasts of No Nation,War,War drama,English,English/Akan,7.7,10/16/2015,136,2015
All Day and a Night,Drama,Drama_SPECIFIC,English,English_SPECIFIC,5.8,05-01-2020,121,2020
Altered Carbon: Resleeved,Anime,Anime/Science fiction,Japanese,Japanese,6.5,3/19/2020,74,2020
War Machine,War,War-Comedy,English,English_SPECIFIC,6,5/26/2017,122,2017
Point Blank,ACTION,Action_ONLY,English,English_SPECIFIC,5.7,07-12-2019,86,2019
Evelyn,Documentary,Documentary_SPECIFIC,English,English_SPECIFIC,7.1,09-10-2019,96,2019
A 3 Minute Hug,Documentary,Documentary_SPECIFIC,English,English/Spanish,6.5,10/28/2019,28,2019
Prime Time,Thriller,Thriller_SPECIFIC,Polish,Polish,5.7,4/14/2021,91,2021
Citation,Drama,Drama_SPECIFIC,English,English_SPECIFIC,6.2,11-06-2020,151,2020
"Strip Down, Rise Up",Documentary,Documentary_SPECIFIC,English,English_SPECIFIC,5.2,02-05-2021,112,2021
The Sleepover,Comedy,Comedy_SPECIFIC,English,English_SPECIFIC,5.6,8/21/2020,103,2020
Knock Down the House,Documentary,Documentary_SPECIFIC,English,English_SPECIFIC,7.1,05-01-2019,87,2019
Mercury 13,Documentary,Documentary_SPECIFIC,English,English_SPECIFIC,6.8,4/20/2018,79,2018
Travis Scott: Look Mom I Can Fly,Documentary,Documentary_SPECIFIC,English,English_SPECIFIC,6.3,8/28/2019,85,2019
Sturgill Simpson Presents: Sound & Fury,Animation,Animation / Musicial,English,English_SPECIFIC,6.4,9/27/2019,41,2019
A Christmas Prince: The Royal Baby,Romance,Romantic comedy,English,English_SPECIFIC,5.4,12-05-2019,85,2019
Bomb Scared,comedy,Black comedy,Spanish,Spanish/Basque,5.6,10-12-2017,89,2017
The Edge of Democracy,Documentary,Documentary_SPECIFIC,Portuguese,Portuguese,7.2,6/19/2019,121,2019
Father of the Year,Comedy,Comedy_SPECIFIC,English,English_SPECIFIC,5.2,7/20/2018,94,2018
"Jim & Andy: The Great Beyond - Featuring a Very Special, Contractually Obligated Mention of Tony Cliffton ",Documentary,Documentary_SPECIFIC,English,English_SPECIFIC,7.7,11/17/2017,94,2017
Voyuer ,Documentary,Documentary_SPECIFIC,English,English_SPECIFIC,6.2,12-01-2017,95,2017
A Futile and Stupid Gesture,comedy,Biographical/Comedy,English,English_SPECIFIC,6.8,1/26/2018,101,2018
What We Wanted,Drama,Drama_SPECIFIC,German,German,5.8,11-11-2020,93,2020
Time to Hunt,Thriller,Thriller_SPECIFIC,Korean,Korean,6.3,4/23/2020,134,2020
The Outsider,Crime ,Crime drama,English,English/Japanese,6.3,03-09-2018,120,2018
Quincy,Documentary,Documentary_SPECIFIC,English,English_SPECIFIC,7.6,9/21/2018,124,2018
The Three Deaths of Marisela Escobedo,Documentary,Documentary_SPECIFIC,Spanish,Spanish,8.2,10/14/2020,109,2020
TAU,SCIENCE,Science fiction/Thriller,English,English_SPECIFIC,5.8,6/29/2018,97,2018
Giving Voice,Documentary,Documentary_SPECIFIC,English,English_SPECIFIC,6.7,12-11-2020,90,2020
One Take,Documentary,Documentary_SPECIFIC,Thai,Thai,5.7,6/18/2020,85,2020
"What Happened, Miss Simone?",Documentary,Documentary_SPECIFIC,English,English_SPECIFIC,7.6,6/26/2015,84,2015
The Last Laugh,Comedy,Comedy-drama,English,English_SPECIFIC,5.6,01-11-2019,98,2019
The Decline,Thriller,Thriller_SPECIFIC,French_SPECIFIC,French,5.9,3/27/2020,83,2020
Horse Girl,Drama,Drama_SPECIFIC,English,English_SPECIFIC,5.9,02-07-2020,104,2020
Invader Zim: Enter the Florpus,Animation,Animation / Science Fiction,English,English_SPECIFIC,7.5,8/16/2019,71,2019
Mercy,Thriller,Thriller_SPECIFIC,English,English_SPECIFIC,4.2,11/22/2016,90,2016
Cargo,Drama,Drama/Horror,English,English_SPECIFIC,6.3,5/18/2018,104,2018
Airplane Mode,Comedy,Comedy_SPECIFIC,Portuguese,Portuguese,5,1/23/2020,96,2020
Period. End of Sentence.,Documentary,Documentary_SPECIFIC,English,English/Hindi,7.4,02-12-2019,26,2019
The Wrong Missy,Comedy,Comedy_SPECIFIC,English,English_SPECIFIC,5.7,5/13/2020,90,2020
The Disciple,Drama,Drama_SPECIFIC,Marathi,Marathi,7.2,4/30/2021,129,2021
The Girl on the Train,Thriller,Thriller_SPECIFIC,Hindi,Hindi,4.4,2/26/2021,120,2021
Mute,SCIENCE,Science fiction/Mystery,English,English_SPECIFIC,5.5,2/23/2018,126,2018
The Rachel Divide,Documentary,Documentary_SPECIFIC,English,English_SPECIFIC,6.2,4/27/2018,104,2018
Tramps,Romance,Romance_SPECIFIC,English,English_SPECIFIC,6.5,4/21/2017,83,2017
The Larva Island Movie,Animation,Animation_ONLY,English,English_SPECIFIC,5.1,7/23/2020,90,2020
Sol Levante,Anime,Anime / Short,English,English_SPECIFIC,4.7,04-02-2020,4,2020
Vampires vs. the Bronx,Horror,Horror comedy,English,English_SPECIFIC,5.6,10-02-2020,86,2020
Someone Great,Romance,Romantic comedy,English,English_SPECIFIC,6.2,4/19/2019,92,2019
Joshua: Teenager vs. Superpower,Documentary,Documentary_SPECIFIC,English,English_SPECIFIC,7.1,5/26/2017,78,2017
Dark Forces,Thriller,Thriller_SPECIFIC,Spanish,Spanish,2.6,8/21/2020,81,2020
A Babysitter's Guide to Monster Hunting,Comedy,Comedy/Fantasy/Family,English,English_SPECIFIC,5.4,10/15/2020,98,2020
The Red Sea Diving Resort, thriller,Spy thriller,English,English_SPECIFIC,6.6,7/31/2019,130,2019
Between Two Ferns: The Movie,Comedy,Comedy_SPECIFIC,English,English_SPECIFIC,6.1,9/20/2019,82,2019
Deidra & Laney Rob a Train,Drama,Drama_SPECIFIC,English,English_SPECIFIC,6.1,3/17/2017,94,2017
Tersanjung the Movie,Drama,Drama_SPECIFIC,Indonesian,Indonesian,6.1,04-01-2021,114,2021
American Son,Drama,Drama_SPECIFIC,English,English_SPECIFIC,5.8,11-01-2019,90,2019
6 Balloons,Drama,Drama_SPECIFIC,English,English_SPECIFIC,5.9,04-06-2018,75,2018
Finding 'Ohana,Family,Family_SPECIFIC,English,English_SPECIFIC,6.1,1/29/2021,123,2021
Street Flow,Drama,Drama_SPECIFIC,French_SPECIFIC,French,6.4,10-12-2019,96,2019
Lovefucked,Drama,Drama_SPECIFIC,Hindi,Hindi,6,08-09-2019,106,2019
Jingle Jangle: A Christmas Journey,Family,Family/Christmas musical,English,English_SPECIFIC,6.5,11/13/2020,119,2020
Love Like the Falling Rain,Drama,Drama_SPECIFIC,Indonesian,Indonesian,5,10/15/2020,86,2020
Ibiza,Comedy,Comedy_SPECIFIC,English,English_SPECIFIC,5.2,5/25/2018,94,2018
The Binding,Drama,Drama_SPECIFIC,Italian,Italian,4.7,10-02-2020,93,2020
Rose Island,Comedy,Comedy_SPECIFIC,Italian,Italian,7,12-09-2020,117,2020
GIMS: On the Record,Documentary,Documentary_SPECIFIC,French_SPECIFIC,French,6.8,9/17/2020,96,2020
Falling Inn Love,Romance,Romantic comedy,English,English_SPECIFIC,5.6,8/29/2019,97,2019
Cam,Psychological,Psychological horror,English,English_SPECIFIC,5.9,11/16/2018,94,2018
Yes Day,Comedy,Comedy_SPECIFIC,English,English_SPECIFIC,5.7,03-12-2021,86,2021
American Murder: The Family Next Door,Documentary,Documentary_SPECIFIC,English,English_SPECIFIC,7.2,9/30/2020,82,2020
Good Sam,Drama,Drama_SPECIFIC,English,English_SPECIFIC,5.7,5/16/2019,89,2019
Thunder Force,Superhero,Superhero-Comedy,English,English_SPECIFIC,4.4,04-09-2021,105,2021
The Christmas Chronicles,Christmas,Christmas/Fantasy/Adventure/Comedy,English,English_SPECIFIC,7,11/22/2018,104,2018
Long Shot,Documentary,Documentary_SPECIFIC,English,English_SPECIFIC,7.4,9/29/2017,40,2017
Paddleton,Drama,Drama-Comedy,English,English_SPECIFIC,7.2,2/22/2019,89,2019
Rolling Thunder Revue: A bob Dylan Story by Martin Scorsere,Documentary,Documentary_SPECIFIC,English,English_SPECIFIC,7.6,06-12-2019,144,2019
Freaks: You're One of Us,Superhero,Supernatural drama,German,German,5.4,09-02-2020,92,2020
Squared Love,Romance,Romantic comedy,Polish,Polish,5,02-11-2021,102,2021
My Own Man,Documentary,Documentary_SPECIFIC,English,English_SPECIFIC,6.4,12/13/2014,81,2014
Biggie: I Got a Story to Tell,Documentary,Documentary_SPECIFIC,English,English_SPECIFIC,6.9,03-01-2021,97,2021
